"","title","year","box_office","post_url","post_date","vader_neg","vader_neu","vader_pos","vader_compound","top_sentiment"
"1","Star Wars: Episode VIII - The Last Jedi",2017,"$1,332,539,889 ","https://www.reddit.com/r/movies/comments/75dxyb/star_wars_the_last_jedi_official_trailer/","2017-10-09",0.138734205362982,0.6658024852845,0.19545676913015,0.0563440418574232,"Anticipation"
"2","Jumanji: Welcome to the Jungle",2017,"$962,077,546 ","https://www.reddit.com/r/movies/comments/6k88w1/jumanji_welcome_to_the_jungle_official_trailer_hd/","2017-06-29",0.132915400202634,0.63360233029382,0.233490374873354,0.175661398176292,"Anticipation"
"3","Thor: Ragnarok",2017,"$853,977,126 ","https://www.reddit.com/r/movies/comments/64jf5v/thor_ragnarok_teaser_trailer_1/","2017-04-10",0.110924715138361,0.649371540965817,0.239707948996202,0.172398874118285,"Trust"
"4","Avengers: Infinity War",2018,"$2,048,359,754 ","https://www.reddit.com/r/movies/comments/84v8vj/marvel_studios_avengers_infinity_war_official/","2018-03-16",0.128668711656442,0.659608737042522,0.211731542204358,0.108376126507298,"Anticipation"
"5","Black Panther",2018,"$1,346,913,161 ","https://www.reddit.com/r/movies/comments/76qb1h/marvel_studios_black_panther_official_trailer/","2017-10-16",0.140078289609585,0.629784342078083,0.230139434001239,0.129878888659368,"Sadness"
"6","Jurassic World: Fallen Kingdom",2018,"$1,308,467,944 ","https://www.reddit.com/r/movies/comments/7ibelg/jurassic_world_fallen_kingdom_official_trailer/","2017-12-07",0.143538978494624,0.655240994623656,0.20122123655914,0.079933252688172,"Fear"
"7","Incredibles 2",2018,"$1,242,805,359 ","https://www.reddit.com/r/movies/comments/8bylwy/incredibles_2_new_official_trailer/","2018-04-13",0.113717948717949,0.667982797792924,0.218295683219734,0.15787740993184,"Anticipation"
"8","Aquaman",2018,"$1,148,461,807 ","https://www.reddit.com/r/movies/comments/90rsv6/aquaman_official_trailer/","2018-07-21",0.121673093280408,0.649256592004537,0.229073717039977,0.163983640487667,"Trust"
"9","Bohemian Rhapsody",2018,"$903,655,259 ","https://www.reddit.com/r/movies/comments/8zkwzp/bohemian_rhapsody_official_trailer/","2018-07-17",0.0994699612403101,0.665076550387597,0.23544476744186,0.215474224806202,"Anticipation"
"10","Venom",2018,"$856,085,151 ","https://www.reddit.com/r/movies/comments/8ehk51/venom_official_trailer_hd/","2018-04-23",0.141675132837407,0.636699468650372,0.221620935175345,0.109664070138151,"Fear"
"11","Mission: Impossible - Fallout",2018,"$791,115,104 ","https://www.reddit.com/r/movies/comments/8jsxp1/mission_impossible_fallout_official_trailer/","2018-05-16",0.127729341909946,0.659752102919347,0.212521523998021,0.140624344383968,"Trust"
"12","Deadpool 2",2018,"$734,546,611 ","https://www.reddit.com/r/movies/comments/86bb0w/deadpool_2_official_trailer/","2018-03-22",0.120220578345662,0.656767316745124,0.223011656579242,0.144986348352387,"Trust"
"13","Fantastic Beasts: The Crimes of Grindelwald",2018,"$654,855,901 ","https://www.reddit.com/r/movies/comments/90r5id/fantastic_beasts_the_crimes_of_grindelwald/","2018-07-21",0.12296765847348,0.654493316084519,0.222534282018111,0.152550668391548,"Anticipation"
"14","Avengers: Endgame",2019,"$2,797,501,328 ","https://www.reddit.com/r/movies/comments/b0zj3a/marvel_studios_avengers_endgame_official_trailer/","2019-03-14",0.120458598219962,0.678334154481882,0.201210108073744,0.106291131595677,"Anticipation"
"15","The Lion King",2019,"$1,656,943,394 ","https://www.reddit.com/r/movies/comments/9zio64/the_lion_king_2019_official_trailer/","2018-11-22",0.114640808441076,0.660923465596671,0.22444018427701,0.16703669193045,"Anticipation"
"16","Frozen II",2019,"$1,450,026,933 ","https://www.reddit.com/r/movies/comments/aq6v43/frozen_2_official_teaser_trailer/","2019-02-13",0.119743035900492,0.676774765380605,0.203482049754208,0.127219186652763,"Anticipation"
"17","Spider-Man: Far from Home",2019,"$1,131,927,996 ","https://www.reddit.com/r/movies/comments/ag8rcx/spiderman_far_from_home_official_teaser_trailer/","2019-01-15",0.141624105613222,0.653014612516376,0.205360475662602,0.0784420840471631,"Anticipation"
"18","Captain Marvel",2019,"$1,128,274,794 ","https://www.reddit.com/r/movies/comments/9gug6o/captain_marvel_trailer/","2018-09-18",0.116722451994092,0.649362924667651,0.233916395864106,0.179665672082718,"Trust"
"19","Joker",2019,"$1,074,251,311 ","https://www.reddit.com/r/movies/comments/b8xn8q/joker_teaser_trailer_in_theaters_october_4/","2019-04-03",0.133244093653989,0.608159232969594,0.258594872338171,0.169650577391673,"Joy"
"20","Star Wars: Episode IX - The Rise of Skywalker",2019,"$1,074,144,248 ","https://www.reddit.com/r/movies/comments/dlarhy/star_wars_episode_ix_the_rise_of_skywalker_final/","2019-10-21",0.172102443011534,0.62992489328853,0.197967487058396,0.0160102170556716,"Anticipation"
"21","Toy Story 4",2019,"$1,073,394,593 ","https://www.reddit.com/r/movies/comments/b2wz81/toy_story_4_official_trailer/","2019-03-19",0.129226704411418,0.666434300542581,0.20433262561925,0.115159330030668,"Anticipation"
"22","Aladdin",2019,"$1,050,693,953 ","https://www.reddit.com/r/movies/comments/9ng5yd/aladdin_official_trailer/","2018-10-11",0.114317763460653,0.675002761159687,0.210683847215831,0.147355269213069,"Trust"
"23","Jumanji: The Next Level",2019,"$800,059,707 ","https://www.reddit.com/r/movies/comments/c7sa35/jumanji_the_next_level_official_trailer_hd/","2019-07-01",0.102449553571429,0.663191071428571,0.234359821428571,0.188860491071429,"Anticipation"
