"","Title","Year","Box.Office","Trailer","Release","date_trailer","date_release","TomatoMeter","AudienceScore","Fresh","CertifiedFresh","day_trailer","day_release","day_trailer_Friday","day_trailer_Monday","day_trailer_Saturday","day_trailer_Sunday","day_trailer_Thursday","day_trailer_Tuesday","day_trailer_Wednesday","day_release_Friday","day_release_Thursday","day_release_Tuesday","day_release_Wednesday"
"1","Star Wars: Episode VII - The Force Awakens",2015,"$2,068,223,624 ","https://www.reddit.com/r/movies/comments/2no7ht/official_yt_channelstar_wars_the_force_awakens/","https://www.reddit.com/r/movies/comments/3xf9gd/official_discussion_star_wars_episode_vii_the/",2014-11-28,2015-12-18,0.93,0.93,1,1,"Friday","Friday",1,0,0,0,0,0,0,1,0,0,0
"2","Jurassic World",2015,"$1,670,400,637 ","https://www.reddit.com/r/movies/comments/38ml5u/jurassic_world_official_final_trailer/","https://www.reddit.com/r/movies/comments/39j0en/official_discussion_jurassic_world_spoilers/",2015-06-04,2015-06-11,0.71,0.78,1,0,"Thursday","Thursday",0,0,0,0,1,0,0,0,1,0,0
"3","Furious 7",2015,"$1,515,047,671 ","https://www.reddit.com/r/movies/comments/2l03vj/furious_7_official_trailer_in_theaters_april_3/","https://www.reddit.com/r/movies/comments/319xxl/official_discussion_furious_7_spoilers/",2014-11-01,2015-04-02,0.82,0.82,1,1,"Saturday","Thursday",0,0,1,0,0,0,0,0,1,0,0
"4","Avengers: Age of Ultron",2015,"$1,402,805,868 ","https://www.reddit.com/r/movies/comments/2k1xc9/avengers_age_of_ultron_trailer_official_marvel/","https://www.reddit.com/r/movies/comments/34h0or/official_discussion_the_avengers_age_of_ultron_us/",2014-10-22,2015-04-30,0.76,0.83,1,1,"Wednesday","Thursday",0,0,0,0,0,0,1,0,1,0,0
"5","Minions",2015,"$1,159,398,397 ","https://www.reddit.com/r/movies/comments/2l7vpu/minions_official_trailer_hd_illumination/","https://www.reddit.com/r/movies/comments/3cqyec/official_discussion_minions_spoilers/",2014-11-03,2015-07-09,0.55,0.49,0,0,"Monday","Thursday",0,1,0,0,0,0,0,0,1,0,0
"6","Spectre",2015,"$880,674,609 ","https://www.reddit.com/r/movies/comments/3n8nzr/spectre_final_trailer_official/","https://www.reddit.com/r/movies/comments/3rq1vq/official_discussion_spectre_spoilers/",2015-10-02,2015-11-05,0.63,0.61,1,0,"Friday","Thursday",1,0,0,0,0,0,0,0,1,0,0
"7","Inside Out",2015,"$857,611,174 ","https://www.reddit.com/r/movies/comments/2owii4/inside_out_trailer_2_uk_official_disney_pixar_hd/","https://www.reddit.com/r/movies/comments/3ad32v/official_discussion_inside_out_spoilers/",2014-12-10,2015-06-18,0.98,0.89,1,1,"Wednesday","Thursday",0,0,0,0,0,0,1,0,1,0,0
"8","Mission: Impossible - Rogue Nation",2015,"$682,714,267 ","https://www.reddit.com/r/movies/comments/2zwp7b/teaser_trailer_for_mission_impossible_rogue/","https://www.reddit.com/r/movies/comments/3f8n3x/official_discussion_mission_impossible_rogue/",2015-03-22,2015-07-30,0.94,0.87,1,1,"Sunday","Thursday",0,0,0,1,0,0,0,0,1,0,0
"9","The Hunger Games: Mockingjay - Part 2",2015,"$658,344,137 ","https://www.reddit.com/r/movies/comments/3npytt/the_hunger_games_mockingjay_part_2_official/","https://www.reddit.com/r/movies/comments/3tdxqc/official_discussion_the_hunger_games_mockingjay/",2015-10-06,2015-11-18,0.69,0.66,1,0,"Tuesday","Wednesday",0,0,0,0,0,1,0,0,0,0,1
"10","The Martian",2015,"$630,161,890 ","https://www.reddit.com/r/movies/comments/390vcp/the_martian_official_trailer_hd_20th_century_fox/","https://www.reddit.com/r/movies/comments/3n6gji/official_discussion_the_martian_spoilers/",2015-06-08,2015-10-01,0.91,0.91,1,1,"Monday","Thursday",0,1,0,0,0,0,0,0,1,0,0
"11","Captain America: Civil War",2016,"$1,153,296,293 ","https://www.reddit.com/r/movies/comments/3u6fae/captain_america_civil_war_official_teaser_1/","https://www.reddit.com/r/movies/comments/4i35uf/official_discussion_captain_america_civil_war/",2015-11-24,2016-05-05,0.9,0.89,1,1,"Tuesday","Thursday",0,0,0,0,0,1,0,0,1,0,0
"12","Rogue One: A Star Wars Story",2016,"$1,056,057,273 ","https://www.reddit.com/r/movies/comments/4dqo8i/rogue_one_a_star_wars_story_teaser_trailer/","https://www.reddit.com/r/movies/comments/5isehr/official_discussion_rogue_one_a_star_wars_story/",2016-04-07,2016-12-16,0.84,0.86,1,1,"Thursday","Friday",0,0,0,0,1,0,0,1,0,0,0
"13","Finding Dory",2016,"$1,028,570,889 ","https://www.reddit.com/r/movies/comments/3s9ua2/finding_dory_official_teaser_trailer/","https://www.reddit.com/r/movies/comments/4oh39s/official_discussion_finding_dory_spoilers/",2015-11-10,2016-06-16,0.94,0.84,1,1,"Tuesday","Thursday",0,0,0,0,0,1,0,0,1,0,0
"14","Zootopia",2016,"$1,023,784,195 ","https://www.reddit.com/r/movies/comments/3tylie/zootopia_official_us_trailer_2/","https://www.reddit.com/r/movies/comments/48vhc8/official_discussion_zootopia_spoilers/",2015-11-23,2016-03-03,0.98,0.92,1,1,"Monday","Thursday",0,1,0,0,0,0,0,0,1,0,0
"15","The Jungle Book",2016,"$966,550,600 ","https://www.reddit.com/r/movies/comments/44odjh/the_jungle_book_trailer_2_official_disney_hd/","https://www.reddit.com/r/movies/comments/4euj3e/official_discussion_the_jungle_book_2016_spoilers/",2016-02-07,2016-04-14,0.94,0.86,1,1,"Sunday","Thursday",0,0,0,1,0,0,0,0,1,0,0
"16","The Secret Life of Pets",2016,"$875,457,937 ","https://www.reddit.com/r/movies/comments/3a651v/the_secret_life_of_pets_official_teaser_trailer/","https://www.reddit.com/r/movies/comments/4rsbw7/official_discussion_the_secret_life_of_pets/",2015-06-17,2016-07-07,0.72,0.62,1,0,"Wednesday","Thursday",0,0,0,0,0,0,1,0,1,0,0
"17","Batman v Superman: Dawn of Justice",2016,"$873,634,919 ","https://www.reddit.com/r/movies/comments/32z40t/batman_v_superman_dawn_of_justice_official_teaser/","https://www.reddit.com/r/movies/comments/4bupv2/official_discussion_batman_v_superman_dawn_of/",2015-04-17,2016-03-24,0.29,0.63,0,0,"Friday","Thursday",1,0,0,0,0,0,0,0,1,0,0
"18","Fantastic Beasts and Where to Find Them",2016,"$814,037,575 ","https://www.reddit.com/r/movies/comments/3wxbue/fantastic_beasts_and_where_to_find_them_first/","https://www.reddit.com/r/movies/comments/5dk6u7/official_discussion_fantastic_beasts_and_where_to/",2015-12-15,2016-11-17,0.74,0.79,1,0,"Tuesday","Thursday",0,0,0,0,0,1,0,0,1,0,0
"19","Deadpool",2016,"$782,612,155 ","https://www.reddit.com/r/movies/comments/3ftvwa/deadpool_official_red_band_trailer/","https://www.reddit.com/r/movies/comments/45cn7c/official_discussion_deadpool_spoilers/",2015-08-04,2016-02-11,0.85,0.9,1,1,"Tuesday","Thursday",0,0,0,0,0,1,0,0,1,0,0
"20","Suicide Squad",2016,"$746,846,894 ","https://www.reddit.com/r/movies/comments/3d5z2r/suicide_squad_official_trailer/","https://www.reddit.com/r/movies/comments/4w86a7/official_discussion_suicide_squad_spoilers/",2015-07-13,2016-08-04,0.26,0.59,0,0,"Monday","Thursday",0,1,0,0,0,0,0,0,1,0,0
"21","Star Wars: Episode VIII - The Last Jedi",2017,"$1,332,539,889 ","https://www.reddit.com/r/movies/comments/75dxyb/star_wars_the_last_jedi_official_trailer/","https://www.reddit.com/r/movies/comments/7jwxnd/official_discussion_star_wars_episode_viii_the/",2017-10-09,2017-12-14,0.91,0.42,1,1,"Monday","Thursday",0,1,0,0,0,0,0,0,1,0,0
"22","Beauty and the Beast",2017,"$1,263,521,126 ","https://www.reddit.com/r/movies/comments/5cvz1w/beauty_and_the_beast_us_official_trailer/","https://www.reddit.com/r/movies/comments/5zuxzg/official_discussion_beauty_and_the_beast_2017/",2016-11-14,2017-03-16,0.71,0.8,1,0,"Monday","Thursday",0,1,0,0,0,0,0,0,1,0,0
"23","The Fate of the Furious",2017,"$1,236,005,118 ","https://www.reddit.com/r/movies/comments/5htp6w/the_fate_of_the_furious_trailer/","https://www.reddit.com/r/movies/comments/659vdw/official_discussion_the_fate_of_the_furious/",2016-12-11,2017-04-13,0.67,0.72,1,0,"Sunday","Thursday",0,0,0,1,0,0,0,0,1,0,0
"24","Despicable Me 3",2017,"$1,034,799,409 ","https://www.reddit.com/r/movies/comments/5ibcdl/despicable_me_3_official_trailer_1/","https://www.reddit.com/r/movies/comments/6kd5ho/official_discussion_despicable_me_3_spoilers/",2016-12-14,2017-06-29,0.59,0.53,0,0,"Wednesday","Thursday",0,0,0,0,0,0,1,0,1,0,0
"25","Jumanji: Welcome to the Jungle",2017,"$962,077,546 ","https://www.reddit.com/r/movies/comments/6k88w1/jumanji_welcome_to_the_jungle_official_trailer_hd/","https://www.reddit.com/r/movies/comments/7l6gel/official_discussion_jumanji_welcome_to_the_jungle/",2017-06-29,2017-12-20,0.76,0.87,1,1,"Thursday","Wednesday",0,0,0,0,1,0,0,0,0,0,1
"26","Spider-Man: Homecoming",2017,"$880,166,924 ","https://www.reddit.com/r/movies/comments/5hbx6e/spiderman_homecoming_official_trailer/","https://www.reddit.com/r/movies/comments/6lqkql/official_discussion_spiderman_homecoming_spoilers/",2016-12-08,2017-07-06,0.92,0.87,1,1,"Thursday","Thursday",0,0,0,0,1,0,0,0,1,0,0
"27","Guardians of the Galaxy Vol. 2",2017,"$863,756,051 ","https://www.reddit.com/r/movies/comments/5gc7i0/marvels_guardians_of_the_galaxy_vol2_official/","https://www.reddit.com/r/movies/comments/69by9z/official_discussion_guardians_of_the_galaxy_vol_2/",2016-12-03,2017-05-04,0.85,0.87,1,1,"Saturday","Thursday",0,0,1,0,0,0,0,0,1,0,0
"28","Thor: Ragnarok",2017,"$853,977,126 ","https://www.reddit.com/r/movies/comments/64jf5v/thor_ragnarok_teaser_trailer_1/","https://www.reddit.com/r/movies/comments/7agfes/official_discussion_thor_ragnarok_us_release/",2017-04-10,2017-11-02,0.93,0.87,1,1,"Monday","Thursday",0,1,0,0,0,0,0,0,1,0,0
"29","Wonder Woman",2017,"$821,847,012 ","https://www.reddit.com/r/movies/comments/5axjil/wonder_woman_official_trailer_2/","https://www.reddit.com/r/movies/comments/6erigc/official_discussion_wonder_woman_spoilers/",2016-11-03,2017-06-01,0.93,0.83,1,1,"Thursday","Thursday",0,0,0,0,1,0,0,0,1,0,0
"30","Avengers: Infinity War",2018,"$2,048,359,754 ","https://www.reddit.com/r/movies/comments/84v8vj/marvel_studios_avengers_infinity_war_official/","https://www.reddit.com/r/movies/comments/8f84h0/official_discussion_avengers_infinity_war_spoilers/",2018-03-16,2018-04-26,0.85,0.91,1,1,"Friday","Thursday",1,0,0,0,0,0,0,0,1,0,0
"31","Black Panther",2018,"$1,346,913,161 ","https://www.reddit.com/r/movies/comments/76qb1h/marvel_studios_black_panther_official_trailer/","https://www.reddit.com/r/movies/comments/7xvumf/official_discussion_black_panther_spoilers/",2017-10-16,2018-02-15,0.96,0.79,1,1,"Monday","Thursday",0,1,0,0,0,0,0,0,1,0,0
"32","Jurassic World: Fallen Kingdom",2018,"$1,308,467,944 ","https://www.reddit.com/r/movies/comments/7ibelg/jurassic_world_fallen_kingdom_official_trailer/","https://www.reddit.com/r/movies/comments/8sxn3q/official_discussion_jurassic_world_fallen_kingdom/",2017-12-07,2018-06-21,0.47,0.48,0,0,"Thursday","Thursday",0,0,0,0,1,0,0,0,1,0,0
"33","Incredibles 2",2018,"$1,242,805,359 ","https://www.reddit.com/r/movies/comments/8bylwy/incredibles_2_new_official_trailer/","https://www.reddit.com/r/movies/comments/8r7d6q/official_discussion_incredibles_2_spoilers/",2018-04-13,2018-06-14,0.93,0.84,1,1,"Friday","Thursday",1,0,0,0,0,0,0,0,1,0,0
"34","Aquaman",2018,"$1,148,461,807 ","https://www.reddit.com/r/movies/comments/90rsv6/aquaman_official_trailer/","https://www.reddit.com/r/movies/comments/a6qh98/official_discussion_aquaman_us_release_spoilers/",2018-07-21,2018-12-20,0.65,0.74,1,0,"Saturday","Thursday",0,0,1,0,0,0,0,0,1,0,0
"35","Bohemian Rhapsody",2018,"$903,655,259 ","https://www.reddit.com/r/movies/comments/8zkwzp/bohemian_rhapsody_official_trailer/","https://www.reddit.com/r/movies/comments/9t6lw5/official_discussion_bohemian_rhapsody_spoilers/",2018-07-17,2018-11-01,0.6,0.85,1,0,"Tuesday","Thursday",0,0,0,0,0,1,0,0,1,0,0
"36","Venom",2018,"$856,085,151 ","https://www.reddit.com/r/movies/comments/8ehk51/venom_official_trailer_hd/","https://www.reddit.com/r/movies/comments/9li7ex/official_discussion_venom_spoilers/",2018-04-23,2018-10-04,0.3,0.81,0,0,"Monday","Thursday",0,1,0,0,0,0,0,0,1,0,0
"37","Mission: Impossible - Fallout",2018,"$791,115,104 ","https://www.reddit.com/r/movies/comments/8jsxp1/mission_impossible_fallout_official_trailer/","https://www.reddit.com/r/movies/comments/928hh5/official_discussion_mission_impossible_fallout/",2018-05-16,2018-07-26,0.97,0.88,1,1,"Wednesday","Thursday",0,0,0,0,0,0,1,0,1,0,0
"38","Deadpool 2",2018,"$734,546,611 ","https://www.reddit.com/r/movies/comments/86bb0w/deadpool_2_official_trailer/","https://www.reddit.com/r/movies/comments/8k9ob3/official_discussion_deadpool_2_spoilers/",2018-03-22,2018-05-17,0.84,0.85,1,1,"Thursday","Thursday",0,0,0,0,1,0,0,0,1,0,0
"39","Fantastic Beasts: The Crimes of Grindelwald",2018,"$654,855,901 ","https://www.reddit.com/r/movies/comments/90r5id/fantastic_beasts_the_crimes_of_grindelwald/","https://www.reddit.com/r/movies/comments/9x2e23/official_discussion_fantastic_beasts_the_crimes/",2018-07-21,2018-11-15,0.36,0.54,0,0,"Saturday","Thursday",0,0,1,0,0,0,0,0,1,0,0
"40","Avengers: Endgame",2019,"$2,797,501,328 ","https://www.reddit.com/r/movies/comments/b0zj3a/marvel_studios_avengers_endgame_official_trailer/","https://www.reddit.com/r/movies/comments/bh8iei/official_discussion_avengers_endgame_spoilers/",2019-03-14,2019-04-25,0.94,0.9,1,1,"Thursday","Thursday",0,0,0,0,1,0,0,0,1,0,0
"41","The Lion King",2019,"$1,656,943,394 ","https://www.reddit.com/r/movies/comments/9zio64/the_lion_king_2019_official_trailer/","https://www.reddit.com/r/movies/comments/cew5fw/official_discussion_the_lion_king_2019_spoilers/",2018-11-22,2019-07-18,0.52,0.88,0,0,"Thursday","Thursday",0,0,0,0,1,0,0,0,1,0,0
"42","Frozen II",2019,"$1,450,026,933 ","https://www.reddit.com/r/movies/comments/aq6v43/frozen_2_official_teaser_trailer/","https://www.reddit.com/r/movies/comments/dzlju6/official_discussion_frozen_ii_spoilers/",2019-02-13,2019-11-21,0.78,0.92,1,1,"Wednesday","Thursday",0,0,0,0,0,0,1,0,1,0,0
"43","Spider-Man: Far from Home",2019,"$1,131,927,996 ","https://www.reddit.com/r/movies/comments/ag8rcx/spiderman_far_from_home_official_teaser_trailer/","https://www.reddit.com/r/movies/comments/c7xhmz/official_discussion_spiderman_far_from_home/",2019-01-15,2019-07-02,0.9,0.95,1,1,"Tuesday","Tuesday",0,0,0,0,0,1,0,0,0,1,0
"44","Captain Marvel",2019,"$1,128,274,794 ","https://www.reddit.com/r/movies/comments/9gug6o/captain_marvel_trailer/","https://www.reddit.com/r/movies/comments/ay9785/official_discussion_captain_marvel_spoilers/",2018-09-18,2019-03-07,0.79,0.45,1,1,"Tuesday","Thursday",0,0,0,0,0,1,0,0,1,0,0
"45","Joker",2019,"$1,074,251,311 ","https://www.reddit.com/r/movies/comments/b8xn8q/joker_teaser_trailer_in_theaters_october_4/","https://www.reddit.com/r/movies/comments/dd0ynj/official_discussion_joker_spoilers/",2019-04-03,2019-10-03,0.68,0.88,1,0,"Wednesday","Thursday",0,0,0,0,0,0,1,0,1,0,0
"46","Star Wars: Episode IX - The Rise of Skywalker",2019,"$1,074,144,248 ","https://www.reddit.com/r/movies/comments/dlarhy/star_wars_episode_ix_the_rise_of_skywalker_final/","https://www.reddit.com/r/movies/comments/ed3a6g/official_discussion_star_wars_episode_ix_the_rise/",2019-10-21,2019-12-19,0.52,0.86,0,0,"Monday","Thursday",0,1,0,0,0,0,0,0,1,0,0
"47","Toy Story 4",2019,"$1,073,394,593 ","https://www.reddit.com/r/movies/comments/b2wz81/toy_story_4_official_trailer/","https://www.reddit.com/r/movies/comments/c2ntqo/official_discussion_toy_story_4_spoilers/",2019-03-19,2019-06-20,0.97,0.94,1,1,"Tuesday","Thursday",0,0,0,0,0,1,0,0,1,0,0
"48","Aladdin",2019,"$1,050,693,953 ","https://www.reddit.com/r/movies/comments/9ng5yd/aladdin_official_trailer/","https://www.reddit.com/r/movies/comments/bs6oiv/official_discussion_aladdin_2019_spoilers/",2018-10-11,2019-05-23,0.57,0.94,0,0,"Thursday","Thursday",0,0,0,0,1,0,0,0,1,0,0
"49","Jumanji: The Next Level",2019,"$800,059,707 ","https://www.reddit.com/r/movies/comments/c7sa35/jumanji_the_next_level_official_trailer_hd/","https://www.reddit.com/r/movies/comments/e9pgvc/official_discussion_jumanji_the_next_level/",2019-07-01,2019-12-12,0.71,0.87,1,0,"Monday","Thursday",0,1,0,0,0,0,0,0,1,0,0
